{
  "1": {
    "x1": 1.835,
    "y1": 0.0,
    "x2": 1.835,
    "y2": 200.0,
    "length": 200.0,
    "angle": 1.5707963267948966
  },
  "2": {
    "x1": 5.505,
    "y1": 0.0,
    "x2": 5.505,
    "y2": 200.0,
    "length": 200.0,
    "angle": 1.5707963267948966
  },
  "3": {
    "x1": 9.175,
    "y1": 0.0,
    "x2": 9.175,
    "y2": 200.0,
    "length": 200.0,
    "angle": 1.5707963267948966
  },
  "4": {
    "x1": -2.835,
    "y1": 200.0,
    "x2": -2.835,
    "y2": 0.0,
    "length": 200.0,
    "angle": -1.5707963267948966
  },
  "5": {
    "x1": -6.505,
    "y1": 200.0,
    "x2": -6.505,
    "y2": 0.0,
    "length": 200.0,
    "angle": -1.5707963267948966
  },
  "6": {
    "x1": -10.175,
    "y1": 200.0,
    "x2": -10.175,
    "y2": 0.0,
    "length": 200.0,
    "angle": -1.5707963267948966
  }
}